2021/11/15,18:15:09,30000
2021/11/25,18:15:09,6
2021/11/25,18:15:09,6
2021/11/25,18:15:09,6
2021/11/25,18:15:09,6
2021/11/25,18:15:09,6
2021/11/25,18:15:09,6
2021/11/25,18:15:09,6
2021/11/25,18:15:09,6
2021/11/25,18:15:09,6
2021/11/25,18:15:09,6
2021/11/25,18:15:09,6
2021/11/25,18:15:09,6
2021/11/24,18:15:09,5345
2021/11/25,18:15:09,6
2021/11/25,18:15:09,6
2021/11/25,18:15:09,6
2021/11/26,18:15:09,6
2021/11/26,18:15:09,6
2021/11/27,01:02:33,30600
2021/11/27,01:03:32,10920
2021/11/27,01:04:09,11
2021/11/27,01:16:45,9240
